<?xml version="1.0"?>
<doc>
    <assembly>
        <name>SmallSpacecraftsBack</name>
    </assembly>
    <members>
        <member name="T:SmallSpacecraftsBack.Controllers.FileController">
            <summary>
            Работа с файлами
            </summary>
        </member>
        <member name="M:SmallSpacecraftsBack.Controllers.FileController.GetImage(System.String)">
            <summary>
            Получить изображение по имени связанного с ним МКА или прибора
            </summary>
            <param name="name">Полное имя прибора или МКА</param>
            <returns>Изображение</returns>
        </member>
        <member name="M:SmallSpacecraftsBack.Controllers.FileController.CreateImage(System.String,System.String,System.String,System.String)">
            <summary>
            Добавить изображение для конкретного МКА или прибора
            </summary>
            <param name="name">Полное имя прибора или МКА</param>
            <param name="path">Путь до изображения</param>
            <param name="login">Логин пользователя</param>
            <param name="password">Пароль пользователя</param>
        </member>
        <member name="M:SmallSpacecraftsBack.Controllers.FileController.DeleteImage(System.String,System.String,System.String)">
            <summary>
            Удалить изображение для конкретного МКА или прибора
            </summary>
            <param name="name">Полное имя прибора или МКА</param>
            <param name="login">Логин пользователя</param>
            <param name="password">Пароль пользователя</param>
        </member>
        <member name="M:SmallSpacecraftsBack.Controllers.FileController.UpdateImage(System.String,System.String,System.String,System.String)">
            <summary>
            Обновить изображение для конкретного МКА или прибора
            </summary>
            <param name="name">Полное имя прибора или МКА</param>
            <param name="path">Путь до нового изображения</param>
            <param name="login">Логин пользователя</param>
            <param name="password">Пароль пользователя</param>
        </member>
        <member name="M:SmallSpacecraftsBack.Controllers.FileController.GetModel(System.String)">
            <summary>
            Получить модель по имени связанного с ним МКА или прибора
            </summary>
            <remarks>Не использовать в Swagger</remarks>
            <param name="name">Полное имя прибора или МКА</param>
            <returns>Модель</returns>
        </member>
        <member name="M:SmallSpacecraftsBack.Controllers.FileController.CreateModel(System.String,System.String,System.String,System.String)">
            <summary>
            Добавить модель для конкретного МКА или прибора
            </summary>
            <param name="name">Полное имя прибора или МКА</param>
            <param name="path">Путь до модели</param>
            <param name="login">Логин пользователя</param>
            <param name="password">Пароль пользователя</param>
        </member>
        <member name="M:SmallSpacecraftsBack.Controllers.FileController.DeleteModel(System.String,System.String,System.String)">
            <summary>
            Удалить модель для конкретного МКА или прибора
            </summary>
            <param name="name">Полное имя прибора или МКА</param>
            <param name="login">Логин пользователя</param>
            <param name="password">Пароль пользователя</param>
        </member>
        <member name="M:SmallSpacecraftsBack.Controllers.FileController.UpdateModel(System.String,System.String,System.String,System.String)">
            <summary>
            Обновить модель для конкретного МКА или прибора
            </summary>
            <param name="name">Полное имя прибора или МКА</param>
            <param name="path">Путь до новой модели</param>
            <param name="login">Логин пользователя</param>
            <param name="password">Пароль пользователя</param>
        </member>
        <member name="M:SmallSpacecraftsBack.Controllers.FileController.CheckModel(System.String)">
            <summary>
            Проверить есть ли модель по имени связанного с ним МКА или прибора
            </summary>
            <param name="name">Полное имя прибора или МКА</param>
            <returns>Результат проверки</returns>
        </member>
        <member name="T:SmallSpacecrafts.Controllers.ApparatusController">
            <summary>
            Работа с приборами.
            <remarks>Имя прибора является следующей комбинацией если производитель и владелец не совпадают - "Имя$Производитель, Владелец", и следующей если совпадают - "Имя$Производитель". Методы, для которых это правило важно помечены комментарием "Полное имя"</remarks>
            </summary>
        </member>
        <member name="M:SmallSpacecrafts.Controllers.ApparatusController.GetApparatus(System.String)">
            <summary>
            Получить прибор по его имени
            </summary>
            <remarks>Полное имя</remarks>
            <param name="name">Имя прибора</param>
            <returns>Прибор</returns>
        </member>
        <member name="M:SmallSpacecrafts.Controllers.ApparatusController.CreateApparatuses(System.String,System.String,System.Collections.Generic.List{Models.Apparatus})">
            <summary>
            Создать приборы
            </summary>
            <param name="login">Логин пользователя</param>
            <param name="password">Пароль пользователя</param>
            <param name="apparatuses">Список приборов</param>
        </member>
        <member name="M:SmallSpacecrafts.Controllers.ApparatusController.CreateApparatusesV2(System.String,System.String,System.Collections.Generic.List{System.String},System.Collections.Generic.List{System.String},System.Collections.Generic.List{System.String},System.Collections.Generic.List{System.String},System.Collections.Generic.List{System.Int32},System.Collections.Generic.List{System.Collections.Generic.Dictionary{System.String,System.String}},System.Collections.Generic.List{System.Int32})">
            <summary>
            Создать приборы без использования JSON
            </summary>
            <param name="login">Логин пользователя</param>
            <param name="password">Пароль пользователя</param>
            <param name="names">Имена приборов</param>
            <param name="owners">Владельцы приборов</param>
            <param name="manufacturers">Производители приборов</param>
            <param name="functions">Функции приборов</param>
            <param name="trls">Уровни готовности приборов</param>
            <param name="characteristics">Характеристики приборов</param>
            <param name="typeOfApparatuses">Типы приборов (0 - Не задан, 1 - Полезная нагрузка, 2 - Служебные системы)</param>
        </member>
        <member name="M:SmallSpacecrafts.Controllers.ApparatusController.AddCharacteristicsToApparatus(System.String,System.String,System.Collections.Generic.Dictionary{System.String,System.String})">
            <summary>
            Добавить характеристики к прибору
            </summary>
            <remarks>Полное имя</remarks>
            <param name="login">Логин пользователя</param>
            <param name="password">Пароль пользователя</param>
            <param name="characteristics">Список характеристик в формате "имя характеристики": "значение характеристики" (Обязательно задать характеристику "имя прибора", пример: "name": "example name")</param>
        </member>
        <member name="M:SmallSpacecrafts.Controllers.ApparatusController.AddCharacteristicsToApparatuses(System.String,System.String,System.Collections.Generic.List{System.Collections.Generic.Dictionary{System.String,System.String}})">
            <summary>
            Добавить характеристики к приборам
            </summary>
            <remarks>Полное имя</remarks>
            <param name="login">Логин пользователя</param>
            <param name="password">Пароль пользователя</param>
            <param name="characteristics">Набор списков характеристик в формате "имя характеристики": "значение характеристики" (Обязательно задать характеристику "имя прибора", пример: "name": "example name")</param>
        </member>
        <member name="M:SmallSpacecrafts.Controllers.ApparatusController.GetApparatusesManufacturers">
            <summary>
            Получить производителей приборов
            </summary>
            <returns>Список производителей приборов</returns>
        </member>
        <member name="M:SmallSpacecrafts.Controllers.ApparatusController.GetApparatusesOwners">
            <summary>
            Получить владельцев приборов
            </summary>
            <returns>Список владельцев приборов</returns>
        </member>
        <member name="M:SmallSpacecrafts.Controllers.ApparatusController.GetApparatusesNames(System.String,System.String,System.String,System.Nullable{Models.TypeOfApparatus})">
            <summary>
            Получить имена приборов
            </summary>
            <param name="name">Фильтр по имени прибора</param>
            <param name="manufacturer">Фильтр по производителю прибора</param>
            <param name="owner">Фильтр по владельцу прибора</param>
            <param name="type">Фильтр по типу прибора (0 - Не задан, 1 - Полезная нагрузка, 2 - Служебные системы)</param>
            <returns>Список имен приборов попадающих под заданные фильтры</returns>
        </member>
        <member name="M:SmallSpacecrafts.Controllers.ApparatusController.GetApparatusType(System.String)">
            <summary>
            Получить тип прибора по его имени
            </summary>
            <remarks>Полное имя</remarks>
            <param name="name">Имя прибора</param>
            <returns>Тип прибора</returns>
        </member>
        <member name="M:SmallSpacecrafts.Controllers.ApparatusController.DeleteApparatus(System.String,System.String,System.String)">
            <summary>
            Удалить прибор по его имени
            </summary>
            <remarks>Полное имя</remarks>
            <param name="login">Логин пользователя</param>
            <param name="password">Пароль пользователя</param>
            <param name="name">Имя прибора</param>
        </member>
        <member name="M:SmallSpacecrafts.Controllers.ApparatusController.UpdateApparatus(System.String,System.String,Models.Apparatus)">
            <summary>
            Обновить прибор
            </summary>
            <param name="login">Логин пользователя</param>
            <param name="password">Пароль пользователя</param>
            <param name="apparatus">Обновленнные данные прибора</param>
        </member>
        <member name="M:SmallSpacecrafts.Controllers.ApparatusController.UpdateApparatusV2(System.String,System.String,System.String,System.String,System.String,System.String,System.Int32,Models.TypeOfApparatus,System.Collections.Generic.Dictionary{System.String,System.String})">
            <summary>
            Обновить прибор без использования JSON
            </summary>
            <param name="login">Логин пользователя</param>
            <param name="password">Пароль пользователя</param>
            <param name="name">Имя прибора</param>
            <param name="owner">Владелец прибора</param>
            <param name="manufacturer">Производитель прибора</param>
            <param name="functions">Функция прибора</param>
            <param name="trl">Уровень готовности прибора</param>
            <param name="characteristics">Характеристики прибора</param>
            <param name="typeOfApparatus">Тип прибора (0 - Не задан, 1 - Полезная нагрузка, 2 - Служебные системы)</param>
        </member>
        <member name="M:SmallSpacecrafts.Controllers.ApparatusController.CreateApparatus(System.String,System.String,Models.Apparatus)">
            <summary>
            Создать прибор
            </summary>
            <param name="login">Логин пользователя</param>
            <param name="password">Пароль пользователя</param>
            <param name="apparatus">Данные прибора</param>
        </member>
        <member name="M:SmallSpacecrafts.Controllers.ApparatusController.CreateApparatusV2(System.String,System.String,System.String,System.String,System.String,System.String,System.Int32,Models.TypeOfApparatus,System.Collections.Generic.Dictionary{System.String,System.String})">
            <summary>
            Создать прибор без использования JSON
            </summary>
            <param name="login">Логин пользователя</param>
            <param name="password">Пароль пользователя</param>
            <param name="name">Имя прибора</param>
            <param name="owner">Владелец прибора</param>
            <param name="manufacturer">Производитель прибора</param>
            <param name="functions">Функция прибора</param>
            <param name="trl">Уровень готовности прибора</param>
            <param name="characteristics">Характеристики прибора</param>
            <param name="typeOfApparatus">Тип прибора (0 - Не задан, 1 - Полезная нагрузка, 2 - Служебные системы)</param>
        </member>
        <member name="T:SmallSpacecrafts.Controllers.SmallSpacecraftController">
            <summary>
            Работа с МКА
            </summary>
        </member>
        <member name="M:SmallSpacecrafts.Controllers.SmallSpacecraftController.GetSmallSpacecraft(System.String)">
            <summary>
            Получить МКА по его имени
            </summary>
            <param name="name">Имя МКА</param>
            <returns>МКА</returns>
        </member>
        <member name="M:SmallSpacecrafts.Controllers.SmallSpacecraftController.GetSmallSpacecraftsNames(System.String,System.String,System.String,System.Double)">
            <summary>
            Получить имена МКА
            </summary>
            <param name="name">Фильтр по имени МКА</param>
            <param name="manufacturer">Фильтр по производителю МКА</param>
            <param name="owner">Фильтр по владельцу МКА</param>
            <param name="unit">Фильтр по размеру МКА</param>
            <returns>Список имен МКА попадающих под заданные фильтры</returns>
        </member>
        <member name="M:SmallSpacecrafts.Controllers.SmallSpacecraftController.GetSmallSpacecraftsManufacturers">
            <summary>
            Получить производителей МКА
            </summary>
            <returns>Список производителей МКА</returns>
        </member>
        <member name="M:SmallSpacecrafts.Controllers.SmallSpacecraftController.GetSmallSpacecraftsOwners">
            <summary>
            Получить владельцев МКА
            </summary>
            <returns>Список владельцев МКА</returns>
        </member>
        <member name="M:SmallSpacecrafts.Controllers.SmallSpacecraftController.GetSmallSpacecraftsUnits">
            <summary>
            Получить размеры МКА
            </summary>
            <returns>Список размеров МКА</returns>
        </member>
        <member name="M:SmallSpacecrafts.Controllers.SmallSpacecraftController.DeleteSmallSpacecraft(System.String,System.String,System.String)">
            <summary>
            Удалить МКА по его имени
            </summary>
            <param name="login">Логин пользователя</param>
            <param name="password">Пароль пользователя</param>
            <param name="name">Имя МКА</param>
        </member>
        <member name="M:SmallSpacecrafts.Controllers.SmallSpacecraftController.UpdateSmallSpacecraft(System.String,System.String,Models.SmallSpacecraft)">
            <summary>
            Обновить МКА
            </summary>
            <param name="login">Логин пользователя</param>
            <param name="password">Пароль пользователя</param>
            <param name="smallSpacecraft">Обновленные данные МКА</param>
        </member>
        <member name="M:SmallSpacecrafts.Controllers.SmallSpacecraftController.UpdateSmallSpacecraftV2(System.String,System.String,System.String,System.String,System.String,System.String,System.Collections.Generic.List{System.String},System.Double,System.Int32,Models.SmSpStatus,System.String)">
            <summary>
            Обновить МКА без использования JSON
            </summary>
            <param name="login">Логин пользователя</param>
            <param name="password">Пароль пользователя</param>
            <param name="name">Имя МКА</param>
            <param name="owner">Владелец МКА</param>
            <param name="manufacturer">Производитель МКА</param>
            <param name="task">Задача МКА</param>
            <param name="apparatuses">Полные имена приборов МКА</param>
            <param name="unit">Размерность МКА</param>
            <param name="launchYear">Год запуска МКА</param>
            <param name="smSpStatus">Статус МКА (0 - Не задан, 1 - Активен, 2 - Неактивен, 3 - В разработке)</param>
            <param name="project">Проект</param>
        </member>
        <member name="M:SmallSpacecrafts.Controllers.SmallSpacecraftController.CreateSmallSpacecraft(System.String,System.String,Models.SmallSpacecraft)">
            <summary>
            Создать МКА
            </summary>
            <param name="login">Логин пользователя</param>
            <param name="password">Пароль пользователя</param>
            <param name="smallSpacecraft">Данные МКА</param>
        </member>
        <member name="M:SmallSpacecrafts.Controllers.SmallSpacecraftController.CreateSmallSpacecraftV2(System.String,System.String,System.String,System.String,System.String,System.String,System.Collections.Generic.List{System.String},System.Double,System.Int32,Models.SmSpStatus,System.String)">
            <summary>
            Создать МКА без использования JSON
            </summary>
            <param name="login">Логин пользователя</param>
            <param name="password">Пароль пользователя</param>
            <param name="name">Имя МКА</param>
            <param name="owner">Владелец МКА</param>
            <param name="manufacturer">Производитель МКА</param>
            <param name="task">Задача МКА</param>
            <param name="apparatuses">Полные имена приборов МКА</param>
            <param name="unit">Размерность МКА</param>
            <param name="launchYear">Год запуска МКА</param>
            <param name="smSpStatus">Статус МКА (0 - Не задан, 1 - Активен, 2 - Неактивен, 3 - В разработке)</param>
            <param name="project">Проект</param>
        </member>
        <member name="M:SmallSpacecrafts.Controllers.SmallSpacecraftController.CreateSmallSpacecrafts(System.String,System.String,System.Collections.Generic.List{Models.SmallSpacecraft})">
            <summary>
            Создать множество МКА
            </summary>
            <param name="login">Логин пользователя</param>
            <param name="password">Пароль пользователя</param>
            <param name="smallSpacecrafts">Данные о множестве МКА</param>
        </member>
        <member name="M:SmallSpacecrafts.Controllers.SmallSpacecraftController.CreateSmallSpacecraftsV2(System.String,System.String,System.Collections.Generic.List{System.String},System.Collections.Generic.List{System.String},System.Collections.Generic.List{System.String},System.Collections.Generic.List{System.String},System.Collections.Generic.List{System.Collections.Generic.List{System.String}},System.Collections.Generic.List{System.Double},System.Collections.Generic.List{System.Int32},System.Collections.Generic.List{System.Int32},System.Collections.Generic.List{System.String})">
            <summary>
            Создать множество МКА без использования JSON
            </summary>
            <param name="login">Логин пользователя</param>
            <param name="password">Пароль пользователя</param>
            <param name="names">Имена МКА</param>
            <param name="owners">Владельцы МКА</param>
            <param name="manufacturers">Производители МКА</param>
            <param name="tasks">Задачи МКА</param>
            <param name="apparatuses">Полные имена приборов МКА</param>
            <param name="units">Размерности МКА</param>
            <param name="launchYears">Годы запуска МКА</param>
            <param name="smSpStatuses">Статусы МКА (0 - Не задан, 1 - Активен, 2 - Неактивен, 3 - В разработке)</param>
            <param name="projects">Проекты</param>
        </member>
        <member name="M:SmallSpacecrafts.Controllers.SmallSpacecraftController.AddApparatusToSmallSpacecraft(System.String,System.String,System.String,System.String)">
            <summary>
            Добавить прибор к МКА
            </summary>
            <param name="login">Логин пользователя</param>
            <param name="password">Пароль пользователя</param>
            <param name="smallSpacecraftName">Имя МКА</param>
            <param name="apparatusName">Полное имя прибора</param>
        </member>
        <member name="M:SmallSpacecrafts.Controllers.SmallSpacecraftController.DeleteApparatusFromSmallSpacecraft(System.String,System.String,System.String,System.String)">
            <summary>
            Удалить прибор у МКА
            </summary>
            <param name="login">Логин пользователя</param>
            <param name="password">Пароль пользователя</param>
            <param name="smallSpacecraftName">Имя МКА</param>
            <param name="apparatusName">Полное имя прибора</param>
        </member>
        <member name="M:SmallSpacecrafts.Controllers.SmallSpacecraftController.AddApparatusesToSmallSpacecraft(System.String,System.String,System.String,System.Collections.Generic.List{System.String})">
            <summary>
            Добавить приборы к МКА
            </summary>
            <param name="login">Логин пользователя</param>
            <param name="password">Пароль пользователя</param>
            <param name="smallSpacecraftName">Имя МКА</param>
            <param name="apparatusNames">Полные имена приборов</param>
        </member>
        <member name="M:SmallSpacecrafts.Controllers.SmallSpacecraftController.DeleteApparatusesFromSmallSpacecraft(System.String,System.String,System.String,System.Collections.Generic.List{System.String})">
            <summary>
            Удалить приборы у МКА
            </summary>
            <param name="login">Логин пользователя</param>
            <param name="password">Пароль пользователя</param>
            <param name="smallSpacecraftName">Имя МКА</param>
            <param name="apparatusNames">Полные имена приборов</param>
        </member>
        <member name="M:SmallSpacecrafts.Controllers.SmallSpacecraftController.GetRelatedSmallSpacecraft(System.String)">
            <summary>
            Получить МКА, у которых установлен заданный прибор
            </summary>
            <param name="apparatusName">Полное имя прибора</param>
            <returns>Список имен МКА</returns>
        </member>
    </members>
</doc>
