<?xml version="1.0"?>
<doc>
    <assembly>
        <name>SmallSpacecraftsBack</name>
    </assembly>
    <members>
        <member name="T:SmallSpacecrafts.Controllers.ApparatusController">
            <summary>
            Работа с приборами
            </summary>
        </member>
        <member name="M:SmallSpacecrafts.Controllers.ApparatusController.GetApparatus(System.String)">
            <summary>
            Получить прибор по его имени
            </summary>
            <param name="name">Имя прибора</param>
            <returns>Прибор</returns>
        </member>
        <member name="M:SmallSpacecrafts.Controllers.ApparatusController.CreateApparatuses(System.String,System.String,System.Collections.Generic.List{Models.Apparatus})">
            <summary>
            Создать приборы
            </summary>
            <param name="login">Логин пользователя</param>
            <param name="password">Пароль пользователя</param>
            <param name="apparatuses">Список приборов</param>
        </member>
        <member name="M:SmallSpacecrafts.Controllers.ApparatusController.AddCharacteristicsToApparatus(System.String,System.String,System.Collections.Generic.Dictionary{System.String,System.String})">
            <summary>
            Добавить характеристики к прибору
            </summary>
            <param name="login">Логин пользователя</param>
            <param name="password">Пароль пользователя</param>
            <param name="characteristics">Список характеристик в формате "имя характеристики": "значение характеристики"</param>
        </member>
        <member name="M:SmallSpacecrafts.Controllers.ApparatusController.AddCharacteristicsToApparatuses(System.String,System.String,System.Collections.Generic.List{System.Collections.Generic.Dictionary{System.String,System.String}})">
            <summary>
            Добавить характеристики к приборам
            </summary>
            <param name="login">Логин пользователя</param>
            <param name="password">Пароль пользователя</param>
            <param name="characteristics">Набор списков характеристик в формате "имя характеристики": "значение характеристики"</param>
        </member>
        <member name="M:SmallSpacecrafts.Controllers.ApparatusController.GetApparatusesManufacturers">
            <summary>
            Получить производителей приборов
            </summary>
            <returns>Список производителей приборов</returns>
        </member>
        <member name="M:SmallSpacecrafts.Controllers.ApparatusController.GetApparatusesOwners">
            <summary>
            Получить владельцев приборов
            </summary>
            <returns>Список владельцев приборов</returns>
        </member>
        <member name="M:SmallSpacecrafts.Controllers.ApparatusController.GetApparatusesNames(System.String,System.String,System.String,System.Nullable{Models.TypeOfApparatus})">
            <summary>
            Получить имена приборов
            </summary>
            <param name="name">Фильтр по имени прибора</param>
            <param name="manufacturer">Фильтр по производителю прибора</param>
            <param name="owner">Фильтр по владельцу прибора</param>
            <param name="type">Фильтр по типу прибора (0 - Не задан, 1 - Полезная нагрузка, 2 - Служебные системы)</param>
            <returns>Список имен приборов попадающих под заданные фильтры</returns>
        </member>
        <member name="M:SmallSpacecrafts.Controllers.ApparatusController.GetApparatusType(System.String)">
            <summary>
            Получить тип прибора по его имени
            </summary>
            <param name="name">Имя прибора</param>
            <returns>Тип прибора</returns>
        </member>
        <member name="M:SmallSpacecrafts.Controllers.ApparatusController.DeleteApparatus(System.String,System.String,System.String)">
            <summary>
            Удалить прибор по его имени
            </summary>
            <param name="login">Логин пользователя</param>
            <param name="password">Пароль пользователя</param>
            <param name="name">Имя прибора</param>
        </member>
        <member name="M:SmallSpacecrafts.Controllers.ApparatusController.UpdateApparatus(System.String,System.String,Models.Apparatus)">
            <summary>
            Обновить прибор
            </summary>
            <param name="login">Логин пользователя</param>
            <param name="password">Пароль пользователя</param>
            <param name="apparatus">Обновленнные данные прибора</param>
        </member>
        <member name="M:SmallSpacecrafts.Controllers.ApparatusController.CreateApparatus(System.String,System.String,Models.Apparatus)">
            <summary>
            Создать прибор
            </summary>
            <param name="login">Логин пользователя</param>
            <param name="password">Пароль пользователя</param>
            <param name="apparatus">Данные прибора</param>
        </member>
        <member name="T:SmallSpacecrafts.Controllers.SmallSpacecraftController">
            <summary>
            Работа с МКА
            </summary>
        </member>
        <member name="M:SmallSpacecrafts.Controllers.SmallSpacecraftController.GetSmallSpacecraft(System.String)">
            <summary>
            Получить МКА по его имени
            </summary>
            <param name="name">Имя МКА</param>
            <returns>МКА</returns>
        </member>
        <member name="M:SmallSpacecrafts.Controllers.SmallSpacecraftController.GetSmallSpacecraftsNames(System.String,System.String,System.String,System.Double)">
            <summary>
            Получить имена МКА
            </summary>
            <param name="name">Фильтр по имени МКА</param>
            <param name="manufacturer">Фильтр по производителю МКА</param>
            <param name="owner">Фильтр по владельцу МКА</param>
            <param name="unit">Фильтр по размеру МКА</param>
            <returns>Список имен МКА попадающих под заданные фильтры</returns>
        </member>
        <member name="M:SmallSpacecrafts.Controllers.SmallSpacecraftController.GetSmallSpacecraftsManufacturers">
            <summary>
            Получить производителей МКА
            </summary>
            <returns>Список производителей МКА</returns>
        </member>
        <member name="M:SmallSpacecrafts.Controllers.SmallSpacecraftController.GetSmallSpacecraftsOwners">
            <summary>
            Получить владельцев МКА
            </summary>
            <returns>Список владельцев МКА</returns>
        </member>
        <member name="M:SmallSpacecrafts.Controllers.SmallSpacecraftController.GetSmallSpacecraftsUnits">
            <summary>
            Получить размеры МКА
            </summary>
            <returns>Список размеров МКА</returns>
        </member>
        <member name="M:SmallSpacecrafts.Controllers.SmallSpacecraftController.DeleteSmallSpacecraft(System.String,System.String,System.String)">
            <summary>
            Удалить МКА по его имени
            </summary>
            <param name="login">Логин пользователя</param>
            <param name="password">Пароль пользователя</param>
            <param name="name">Имя МКА</param>
        </member>
        <member name="M:SmallSpacecrafts.Controllers.SmallSpacecraftController.UpdateSmallSpacecraft(System.String,System.String,Models.SmallSpacecraft)">
            <summary>
            Обновить МКА
            </summary>
            <param name="login">Логин пользователя</param>
            <param name="password">Пароль пользователя</param>
            <param name="smallSpacecraft">Обновленные данные МКА</param>
        </member>
        <member name="M:SmallSpacecrafts.Controllers.SmallSpacecraftController.CreateSmallSpacecraft(System.String,System.String,Models.SmallSpacecraft)">
            <summary>
            Создать МКА
            </summary>
            <param name="login">Логин пользователя</param>
            <param name="password">Пароль пользователя</param>
            <param name="smallSpacecraft">Данные МКА</param>
        </member>
        <member name="M:SmallSpacecrafts.Controllers.SmallSpacecraftController.CreateSmallSpacecrafts(System.String,System.String,System.Collections.Generic.List{Models.SmallSpacecraft})">
            <summary>
            Создать множество МКА
            </summary>
            <param name="login">Логин пользователя</param>
            <param name="password">Пароль пользователя</param>
            <param name="smallSpacecrafts">Данные о множестве МКА</param>
        </member>
        <member name="M:SmallSpacecrafts.Controllers.SmallSpacecraftController.AddApparatusToSmallSpacecraft(System.String,System.String,System.String,System.String)">
            <summary>
            Добавить прибор к МКА
            </summary>
            <param name="login">Логин пользователя</param>
            <param name="password">Пароль пользователя</param>
            <param name="smallSpacecraftName">Имя МКА</param>
            <param name="apparatusName">Имя прибора</param>
        </member>
        <member name="M:SmallSpacecrafts.Controllers.SmallSpacecraftController.DeleteApparatusFromSmallSpacecraft(System.String,System.String,System.String,System.String)">
            <summary>
            Удалить прибор у МКА
            </summary>
            <param name="login">Логин пользователя</param>
            <param name="password">Пароль пользователя</param>
            <param name="smallSpacecraftName">Имя МКА</param>
            <param name="apparatusName">Имя прибора</param>
        </member>
        <member name="M:SmallSpacecrafts.Controllers.SmallSpacecraftController.GetRelatedSmallSpacecraft(System.String)">
            <summary>
            Получить МКА, у которых установлен заданный прибор
            </summary>
            <param name="apparatusName">Имя прибора</param>
            <returns>Список имен МКА</returns>
        </member>
    </members>
</doc>
